{"cameraMode":{"drawMode":0,"name":"Shaded","section":"Shading Mode"},"sceneLighting":false,"audioPlay":false,"sceneViewState":{"showFog":true,"showMaterialUpdate":false,"showSkybox":false,"showFlares":true,"showImageEffects":true,"showParticleSystems":true},"in2DMode":false,"pivot":{"x":-0.12715817987918855,"y":0.23417341709136964,"z":0.10177341103553772},"rotation":{"x":0.29996609687805178,"y":-0.562070369720459,"z":0.22905230522155763,"w":0.7359787821769714},"size":0.941314160823822,"orthographic":true}