{"cameraMode":{"drawMode":0,"name":"Shaded","section":"Shading Mode"},"sceneLighting":false,"audioPlay":false,"sceneViewState":{"showFog":true,"showMaterialUpdate":false,"showSkybox":false,"showFlares":true,"showImageEffects":true,"showParticleSystems":true},"in2DMode":false,"pivot":{"x":-0.000006094574928283691,"y":0.14994925260543824,"z":-2.5331974029541018e-7},"rotation":{"x":0.3588980734348297,"y":-0.609404981136322,"z":0.35909393429756167,"w":0.609015703201294},"size":0.7228311896324158,"orthographic":true}