{"cameraMode":{"drawMode":0,"name":"Shaded","section":"Shading Mode"},"sceneLighting":false,"audioPlay":false,"sceneViewState":{"showFog":true,"showMaterialUpdate":false,"showSkybox":false,"showFlares":true,"showImageEffects":true,"showParticleSystems":true},"in2DMode":false,"pivot":{"x":-0.0000030994415283203127,"y":0.15000000596046449,"z":-1.4901161193847657e-7},"rotation":{"x":0.35228368639945986,"y":-0.5677840113639832,"z":0.29234760999679568,"w":0.6841603517532349},"size":0.7228438258171082,"orthographic":true}