{"cameraMode":{"drawMode":0,"name":"Shaded","section":"Shading Mode"},"sceneLighting":true,"audioPlay":false,"sceneViewState":{"showFog":true,"showMaterialUpdate":false,"showSkybox":true,"showFlares":true,"showImageEffects":true,"showParticleSystems":true},"in2DMode":false,"pivot":{"x":4.572352409362793,"y":5.477451324462891,"z":-2.231461763381958},"rotation":{"x":0.3787052631378174,"y":-0.2700195014476776,"z":0.11652388423681259,"w":0.8775637149810791},"size":8.190278053283692,"orthographic":true}