{"cameraMode":{"drawMode":0,"name":"Shaded","section":"Shading Mode"},"sceneLighting":false,"audioPlay":false,"sceneViewState":{"showFog":true,"showMaterialUpdate":false,"showSkybox":false,"showFlares":true,"showImageEffects":true,"showParticleSystems":true},"in2DMode":false,"pivot":{"x":-0.024760127067565919,"y":1.2412328720092774,"z":2.6270623207092287},"rotation":{"x":-0.037396643310785297,"y":0.14547809958457948,"z":-0.005502087529748678,"w":-0.9886540770530701},"size":2.766477108001709,"orthographic":false}